{"total_metrics": {"success": 0.59, "dts": 1.9063368332816486, "gspl": 0.29236625995645155, "spl": 0.29236625995645155, "progress": 0.59, "gppl": 0.2923662599691419, "ppl": 0.2923662599691419, "goal_distance": 4.418468389149104}, "total_steps": null, "total_raw_metrics": {"success": [1, 0, 1, 0, 1, 1, 0, 0, 1, 0, 1, 0, 0, 1, 0, 1, 1, 0, 1, 1, 1, 1, 0, 0, 0, 0, 0, 0, 1, 1, 1, 1, 0, 1, 1, 0, 1, 1, 0, 1, 0, 0, 1, 0, 1, 0, 1, 0, 1, 0, 0, 1, 1, 1, 0, 0, 1, 0, 0, 1, 0, 0, 1, 1, 1, 1, 1, 1, 1, 0, 0, 1, 1, 0, 0, 1, 0, 0, 0, 0, 1, 0, 0, 1, 0, 1, 0, 1, 0, 0, 1, 1, 0, 1, 0, 1, 0, 0, 0, 0, 1, 0, 1, 1, 0, 1, 1, 0, 1, 0, 1, 0, 1, 1, 0, 0, 0, 0, 1, 0, 0, 1, 1, 1, 1, 1, 1, 1, 1, 0, 1, 0, 1, 1, 1, 1, 0, 0, 1, 0, 1, 1, 1, 0, 1, 1, 1, 1, 0, 0, 1, 1, 0, 1, 0, 0, 1, 1, 0, 1, 1, 1, 1, 1, 1, 1, 1, 0, 1, 1, 1, 1, 1, 1, 1, 0, 1, 1, 1, 1, 1, 1, 1, 1, 0, 1, 1, 1, 1, 0, 1, 1, 0, 0, 1, 1, 1, 1, 0, 0], "dts": [0.0, 0.7377456191049169, 0.0, 8.351088347618253, 0.0, 0.0, 4.36946917009229, 0.47500042337719484, 0.0, 7.031274409005761, 0.0, 7.151412622812781, 1.0760950561794735, 0.0, 4.606063543168518, 0.0, 0.0, 0.685310827206391, 0.0, 0.0, 0.0, 0.0, 7.031274409005761, 5.317960670288713, 0.8250852799541086, 4.840648547388197, 5.44488825108365, 8.351088347618253, 0.0, 0.0, 0.0, 0.0, 0.9796708984387648, 0.07777777777777778, 0.0, 0.16604948476771356, 0.0, 0.0, 0.12592592592592589, 0.0, 5.057030650096473, 4.519356652647172, 0.0, 5.634630062350142, 0.0, 5.804888400858662, 0.0, 5.44488825108365, 0.0, 4.846471254436766, 0.9927226352020788, 0.0, 0.0, 0.0, 11.504569274457054, 0.9796708984387648, 0.0, 3.6907614253497156, 6.588108116940556, 0.0, 7.409115889292776, 7.767873891498475, 0.0, 0.0, 0.0, 0.0, 0.0, 0.0, 0.0, 2.3962285224056434, 0.47500042337719484, 0.0, 0.0, 0.16604948476771356, 8.288421088931482, 0.0, 0.5014988898685573, 5.326747770998109, 8.351088347618253, 0.8250852799541086, 0.0, 8.288421088931482, 8.110875116411123, 0.0, 8.351088347618253, 0.0, 1.0760950561794735, 0.0, 0.47500042337719484, 4.900699858064829, 0.0, 0.0, 0.5680025718308412, 0.0, 5.681037619531978, 0.0, 1.0760950561794735, 0.12592592592592589, 13.233423712800795, 8.288421088931482, 0.0, 0.8250852799541086, 0.0, 0.0, 7.23561638499948, 0.0, 0.0, 0.14229995651356503, 0.0, 4.36946917009229, 0.0, 0.14229995651356503, 0.0, 0.0, 0.18531479377138665, 7.767873891498475, 4.846471254436766, 8.351088347618253, 0.0, 8.351088347618253, 0.9988463396288558, 0.0, 0.0, 0.0, 0.0, 0.0, 0.0, 0.0, 0.0, 5.685181843062388, 0.0, 2.3962285224056434, 0.0, 0.0, 0.0, 0.0, 3.6907614253497156, 4.519356652647172, 0.0, 0.16604948476771356, 0.0, 0.0, 0.0, 6.282694199318686, 0.0, 0.0, 0.0, 0.0, 7.260554447956366, 8.288421088931482, 0.0, 0.0, 5.685181843062388, 0.0, 4.820620061123466, 5.317960670288713, 0.03333328594203047, 0.0, 9.166217611668362, 0.0, 0.0, 0.0, 0.0, 0.0, 0.0, 0.0, 0.0, 2.7168909800509984, 0.0, 0.0, 0.0, 0.0, 0.0, 0.0, 0.0, 8.288421088931482, 0.0, 0.0, 0.0, 0.0, 0.0, 0.0, 0.0, 0.0, 8.288421088931482, 0.0, 0.0, 0.0, 0.0, 0.18531479377138665, 0.0, 0.0, 9.166217611668362, 5.681037619531978, 0.0, 0.0, 0.0, 0.0, 11.504569274457054, 4.519356652647172], "gspl": [0.14508747835281202, 0.0, 0.06278625843837142, 0.0, 0.3502480018502814, 1.0, 0.0, 0.0, 0.8142027484704146, 0.0, 1.0, 0.0, 0.0, 0.3502480018502814, 0.0, 1.0, 0.12669260427196932, 0.0, 0.10550526357210697, 0.11003612368631738, 1.0, 0.7689771782844539, 0.0, 0.0, 0.0, 0.0, 0.0, 0.0, 0.9737607452235336, 0.18392936379232439, 0.10550526357210697, 0.8157137766425968, 0.0, 1.0, 0.14508747835281202, 0.0, 0.7516759892167554, 0.2690607602031848, 0.0, 0.05076807315281774, 0.0, 0.0, 0.16275237244007915, 0.0, 0.10550526357210697, 0.0, 0.7648834322487512, 0.0, 0.07006276483641397, 0.0, 0.0, 0.24376716179239624, 0.3824395823156572, 1.0, 0.0, 0.0, 0.8142027484704146, 0.0, 0.0, 1.0, 0.0, 0.0, 0.3180831458197945, 0.9737607452235336, 0.1573078574691086, 0.7648834322487512, 0.15727129692674294, 0.6438807647265321, 0.1573078574691086, 0.0, 0.0, 1.0, 0.12669260427196932, 0.0, 0.0, 0.5119709511079408, 0.0, 0.0, 0.0, 0.0, 0.9737607452235336, 0.0, 0.0, 0.7310969717777455, 0.0, 1.0, 0.0, 0.5693066554471423, 0.0, 0.0, 0.5159017543390936, 0.559704620066707, 0.0, 0.31533603909771263, 0.0, 1.0, 0.0, 0.0, 0.0, 0.0, 1.0, 0.0, 0.26263636857562317, 0.07872077116256138, 0.0, 0.2574528075816976, 0.3180831458197945, 0.0, 0.37823163863526255, 0.0, 0.8057920417791155, 0.0, 0.5135039960970474, 0.4221536618703386, 0.0, 0.0, 0.0, 0.0, 0.37823163863526255, 0.0, 0.0, 0.8227277320892863, 1.0, 0.4221536618703386, 0.5936436961539732, 0.17380341024037907, 0.7516759892167554, 1.0, 0.2968231508951297, 0.0, 0.10161357907598458, 0.0, 0.42354961591733015, 0.14081640502601572, 0.14081640502601572, 0.732999288835283, 0.0, 0.0, 0.30860661735586686, 0.0, 0.26263636857562317, 0.19975194471455165, 1.0, 0.0, 0.8902672026886189, 0.19975194471455165, 0.5686551185119227, 0.22938324016102096, 0.0, 0.0, 0.24968135368189046, 1.0, 0.0, 0.4135521799576112, 0.0, 0.0, 1.0, 0.06517585432883971, 0.0, 0.732999288835283, 0.2736783060089791, 0.447965094956327, 0.10173575747565938, 0.3502480018502814, 0.905671329223234, 0.3180831458197945, 0.18392936379232439, 0.0, 0.14081640502601572, 0.1550577901954188, 1.0, 0.16384125596393856, 1.0, 0.12669260427196932, 0.27992167452426714, 0.0, 0.9947492031745068, 0.07006276483641397, 0.2574528075816976, 0.34944388170533064, 0.05076807315281774, 0.4496623092816356, 0.5693066554471423, 0.19435619700741968, 0.0, 0.73387765853674, 0.6648676878229935, 0.8986817925322222, 0.8986817925322222, 0.0, 0.05076807315281774, 0.5871732798404827, 0.0, 0.0, 0.35997746647363743, 0.8227277320892863, 0.5936436961539732, 0.19435619700741968, 0.0, 0.0],